date,국내총생산(시장가격 GDP),국민총소득(GNI)
1960-01,18.581834359506956,18.660340870903806
1960-02,18.80545858987674,18.90008521772595
1960-03,19.2527070506163,19.379573911370244
1960-04,19.92357974172564,20.098806951836682
1960-05,20.531113108208746,20.74200999807578
1960-06,21.075307150065623,21.309183050087537
1960-07,21.556161867296275,21.800326107871946
1960-08,21.869254146131734,22.11536729141409
1960-09,22.01458398657199,22.254306600713964
1960-10,21.99215138861705,22.21714403577156
1960-11,22.27492969766553,22.484995367707292
1960-12,22.862918913717422,23.05786059652115
1961-01,23.75611903677274,23.935739722213135
1961-02,24.394829789957015,24.583404711976282
1961-03,24.77905117327025,25.000855565810575
1961-04,24.908783186712434,25.188092283716035
1961-05,24.989628800038663,25.30383225040537
1961-06,25.02158801324892,25.348075465878587
1961-07,25.004660826343233,25.320821930135686
1961-08,25.129433409859384,25.453392098598197
1961-09,25.395905763797387,25.74578597126612
1961-10,25.804077888157245,26.198003548139464
1961-11,26.43056250312928,26.8550552812532
1961-12,27.27535960871349,27.716941170607328
1962-01,28.33846920490989,28.78366121620184
1962-02,29.12789470027657,29.557595315449078
1962-03,29.643636094813537,30.038743468349054
1962-04,29.885693388520785,30.227105674901736
1962-05,29.91943767055701,30.221366970363608
1962-06,29.744868940922217,30.021527354734662
1962-07,29.361987199616404,29.627586828014902
1962-08,29.59977636457765,29.870911575323788
1962-09,30.45823643580594,30.751501596661317
1962-10,31.937367413301278,32.269356892027496
1962-11,33.71162459769916,34.094303046848424
1962-12,35.781007988999576,36.22634006112409
1963-01,38.14551758720254,38.66546793485451
1963-02,39.63500679635137,40.16364895214623
1963-03,40.24947561644607,40.72088311299926
1963-04,39.98892404748662,40.3371704174136
1963-05,40.324593119631785,40.618364430456985
1963-06,41.25648283288158,41.56446515212941
1963-07,42.784593187236,43.17547258243088
1963-08,44.3981758853976,44.82412000318309
1963-09,46.09723092736641,46.51040741438602
1963-10,47.8817583131424,48.23433481603971
1963-11,49.4515714247296,49.764565554423356
1963-12,50.806670262128,51.10109962953693
1964-01,51.947054825337624,52.243937041380505
1964-02,53.456859847136805,53.77419361330602
1964-03,55.33608532752555,55.69186934531347
1964-04,57.584731266503894,57.99696423740288
1964-05,59.51584430137054,59.98051478237305
1964-06,61.129424432125546,61.64252098022404
1964-07,62.42547165876886,62.982982830955784
1964-08,64.30287972135305,64.9858611704219
1964-09,66.76164861987812,67.65115599862234
1964-10,69.8017783543441,70.9788673155572
1964-11,70.9704770222025,72.19414465812302
1964-12,70.2677446234534,71.29698802631981
1965-01,67.69358115809673,68.28739742014756
1965-02,66.37485442318503,66.79695170349385
1965-03,66.31156441871825,66.82565087635864
1965-04,67.50371114469642,68.37349493874197
1965-05,68.26646446766865,69.38533475028132
1965-06,68.59982438763491,69.86117031097669
1965-07,68.50379090459522,69.80100162082803
1965-08,69.1469393553889,70.42020823266984
1965-09,70.52926974001589,71.7187901465021
1965-10,72.6507820584763,73.69674736232481
1965-11,74.65557359423418,75.67617614453687
1965-12,76.54364434728951,77.65707649313829
1966-01,78.31499431764234,79.63944840812908
1966-02,80.63658607199879,82.11295508077995
1966-03,83.50841961035887,85.07759651109095
1966-04,86.93049493272258,88.53337269906199
1966-05,89.5281425637716,91.13728722175827
1966-06,91.30136250350583,92.88934007917976
1966-07,92.2501547519254,93.78953127132648
1966-08,93.02723675008623,94.7174306158683
1966-09,93.63260849798839,95.67303811280524
1966-10,94.06626999563184,96.65635376213729
1966-11,94.76248287331883,97.67741735286735
1966-12,95.72124713104937,98.73622888499537
1967-01,96.94256276882346,99.83278835852146
1967-02,98.90096960164938,101.7973369580119
1967-03,101.59646762952713,104.62987468346665
1967-04,105.0290568524567,108.33040153488582
1967-05,108.00541151884657,111.42523209657628
1967-06,110.52553162869673,113.914366368538
1967-07,112.58941718200717,115.79780435077109
1967-08,114.3433256838294,117.55031058325105
1967-09,115.78725713416343,119.17188506597788
1967-10,116.92121153300924,120.66252779895163
1967-11,119.62879148296378,123.52579263298134
1967-12,123.90999698402699,127.761679568067
1968-01,129.764828036199,133.37018860420864
1968-02,134.36991477209276,137.96467441008755
1968-03,137.72525719170827,141.54513698570378
1968-04,139.83085529504564,144.11157633105728
1968-05,141.55161334959573,145.94950391910268
1968-06,142.88753135535865,147.05891974984
1968-07,143.8386093123343,147.43982382326914
1968-08,144.75492181732753,148.11768197417456
1968-09,145.63646887033818,149.09249420255628
1968-10,146.48325047136643,150.3642605084143
1968-11,148.26750801809868,152.46400670356806
1968-12,150.98924151053492,155.3917327880176
1969-01,154.64845094867522,159.14743876176297
1969-02,158.90441509670384,163.39578618387705
1969-03,163.75713395462088,168.13677505435993
1969-04,169.2066075224262,173.37040537321155
1969-05,175.80902027255792,179.66100892301577
1969-06,183.564372205016,187.00858570377258
1969-07,192.4726633198006,195.4131357154819
1969-08,199.33023860864628,202.66692143179787
1969-09,204.1370980715531,208.76994285272033
1969-10,206.89324170852095,213.7221999782495
1969-11,209.81984633637217,217.4286142759446
1969-12,212.91691195510683,219.88918574580572
1970-01,216.18443856472484,221.10391438783262
1970-02,218.0879912935858,221.70466075746492
1970-03,218.62757014168952,221.69142485470243
1970-04,217.8031751090363,221.06420667954535
1970-05,219.96969501909578,223.63424712609705
1970-06,225.1271298718679,229.40154619435762
1970-07,233.27547966735284,238.36610388432695
1970-08,241.08095736570948,246.4826653935741
1970-09,248.5435629669378,253.75123072209902
1970-10,255.66329647103797,260.1717998699018
1970-11,261.3457574937846,265.39809225442616
1970-12,265.5909460351776,269.4301078756721
1971-01,268.39886209521717,272.26784673363983
1971-02,271.97669453881423,275.85139639790185
1971-03,276.32444336596865,280.18075686845816
1971-04,281.44210857668037,285.2559281453088
1971-05,285.439943446848,288.88277485553994
1971-06,288.3179479764716,291.06129699915135
1971-07,290.07612216555106,291.79149457614324
1971-08,292.98357408865763,293.9304230382838
1971-09,297.04030374579133,297.4780823855729
1971-10,302.2463111369523,302.43447261801066
1971-11,307.1880796320283,307.57271571261214
1971-12,311.8656092310194,312.8928116693772
1972-01,316.27889993392546,318.394760488306
1972-02,322.97304765920796,325.4741773268087
1972-03,331.94805240686657,334.13106218488525
1972-04,343.2039141769016,344.3654150625355
1972-05,352.06494398673414,352.62494198504646
1972-06,358.5311418363642,358.9096429524182
1972-07,362.6025077257919,363.21951796465083
1972-08,368.59346840380493,369.18234824422086
1972-09,376.5040238704031,376.7981337911284
1972-10,386.3341741255865,386.0668746053733
1972-11,395.3910810951926,394.9089038549047
1972-12,403.67474477922116,403.3242215397222
1973-01,411.1851651776724,411.31282765982655
1973-02,418.19889639403084,418.77535844498277
1973-03,424.71593842829645,425.7118138951908
1973-04,430.7362912804691,432.122194010451
1973-05,441.6641610331603,443.18314353142785
1973-06,457.4995476863704,458.8946624581211
1973-07,478.24245124009883,479.2567507905311
1973-08,491.5213386984567,492.05470978073527
1973-09,497.3362100614442,497.28853942873343
1973-10,495.6870653290609,494.95823973452593
1973-11,511.6094801491695,510.7319850100797
1973-12,545.1034545217697,544.6097752553945
1974-01,596.1689884468617,596.591610470471
1974-02,627.9336305929885,629.2183614213869
1974-03,640.3973809601498,642.490028108142
1974-04,633.560239548346,636.4066105307365
1974-05,633.4307745341356,636.8557982383326
1974-06,640.0089859175185,643.8375912309303
1974-07,653.2948736984953,657.3519895085291
1974-08,671.8201903698679,675.791596946532
1974-09,695.5849359316368,699.1564135449388
1974-10,724.5891103838013,727.4464393037497
1974-11,748.6483212089915,749.8841162656402
1974-12,767.7625684072075,766.4694444306105
1975-01,781.9318519784497,777.2024237986606
1975-02,801.1252838874229,794.1338507916778
1975-03,825.3428641341274,817.2637254096619
1975-04,854.5845927185633,846.5920476526134
1975-05,876.5315803257502,868.5550924738914
1975-06,891.1838269556871,883.1528598734959
1975-07,898.5413326083755,890.3853498514275
1975-08,910.3997095652658,902.6044599573398
1975-09,926.7589578263584,919.8101901912327
1975-10,947.6190773916533,942.0025405531068
1975-11,977.769799239237,972.073722728745
1975-12,1017.2111233691098,1010.0237367181479
1976-01,1065.9430497812718,1055.852582521315
1976-02,1110.3187440483587,1099.1703570811203
1976-03,1150.3382061703694,1139.9770603975642
1976-04,1186.0014361473052,1178.2726924706462
1976-05,1214.5911665310598,1208.417081135932
1976-06,1236.1073973216342,1230.4102263934217
1976-07,1250.5501285190267,1244.2521282431148
1976-08,1264.6232149291047,1259.023507523202
1976-09,1278.3266565518686,1274.7243642336834
1976-10,1291.660453387318,1291.3546983745587
1976-11,1311.9485625556922,1313.3462581288586
1976-12,1339.1909840569901,1340.6990434965826
1977-01,1373.3877178912135,1373.4130544777313
1977-02,1406.0461129313594,1404.08176636472
1977-03,1437.166169177427,1432.7051791575489
1977-04,1466.7478866294175,1459.2832928562184
1977-05,1500.107401020352,1491.440351638722
1977-06,1537.2447123502307,1529.1763555050597
1977-07,1578.159820619053,1572.4913044552327
1977-08,1623.4437322219692,1619.1515633513518
1977-09,1673.0964471589778,1669.1571321934157
1977-10,1727.1179654300802,1722.508010981427
1977-11,1773.2598709252957,1769.7147224423597
1977-12,1811.5221636446247,1810.777266576213
1978-01,1841.9048435880663,1845.695643382987
1978-02,1879.5468808828768,1885.9785050474397
1978-03,1924.4482755290562,1931.6258515695715
1978-04,1976.6090275266035,1982.6376829493818
1978-05,2032.1924448810385,2038.6373785822975
1978-06,2091.1985275923585,2099.62493846832
1978-07,2153.627275660567,2165.600362607448
1978-08,2215.014005932194,2227.268946686644
1978-09,2275.358718407238,2284.6306907059084
1978-10,2334.661413085699,2337.685594665242
1978-11,2392.8160269410396,2392.285124656144
1978-12,2449.822559973261,2448.4292806786134
1979-01,2505.6810121823605,2506.1180627326507
1979-02,2553.9098660978657,2554.7517111966717
1979-03,2594.509121719775,2594.330226070677
1979-04,2627.4787790480923,2624.8536073546657
1979-05,2667.112109094103,2663.419247159664
1979-06,2713.4091118578053,2710.0271454856706
1979-07,2766.3697873392025,2764.677302332688
1979-08,2815.3576157051493,2813.256864794927
1979-09,2860.372596955648,2855.7658328723855
1979-10,2901.414731090697,2892.2042065650658
1979-11,2947.714216306437,2934.3856450644353
1979-12,2999.271052602866,2982.310148370496
1980-01,3056.0852399799855,3035.977716483244
1980-02,3110.0248568392763,3086.1363211489984
1980-03,3161.089903180738,3132.7859623677573
1980-04,3209.2803790043695,3175.926640139523
1980-05,3263.617713707,3228.916829477822
1980-06,3324.1019072886293,3291.7565303826545
1980-07,3390.7329597492576,3364.4457428540222
1980-08,3456.2410030524716,3431.958738831349
1980-09,3520.62603719827,3494.2955183146332
1980-10,3583.8880621866547,3551.4560813038793
1980-11,3644.68752179376,3607.0541610732803
1980-12,3703.024416019586,3661.0897576228376
1981-01,3758.8987448641324,3713.5628709525463
1981-02,3835.1682684271696,3786.408996070564
1981-03,3931.8329867086977,3879.6281329768894
1981-04,4048.8928997087182,3993.2202816715226
1981-05,4144.838203177184,4085.4031075915386
1981-06,4219.668897114097,4156.176610736938
1981-07,4273.384981519454,4205.540791107722
1981-08,4337.875266481203,4269.401242869627
1981-09,4413.1397519993425,4347.757966022652
1981-10,4499.178438073871,4440.610960566799
1981-11,4553.3042810371,4502.865988777735
1981-12,4575.517280889028,4534.5230506554635
1982-01,4565.8174376296565,4535.58214619998
1982-02,4589.979398592571,4566.260310436123
1982-03,4648.00316377777,4626.557543363895
1982-04,4739.888733185256,4716.473844983293
1982-05,4811.468575648184,4786.247536650673
1982-06,4862.742691166559,4835.878618366036
1982-07,4893.711079740376,4865.367090129381
1982-08,4931.869867078548,4894.188890473182
1982-09,4977.219053181077,4922.344019397437
1982-10,5029.75863804796,4949.832476902148
1982-11,5122.699555728711,5031.980233601714
1982-12,5256.04180622333,5168.787289496136
1983-01,5429.785389531821,5360.253644585409
1983-02,5544.882243210079,5485.154999918672
1983-03,5601.332367258099,5543.491355495921
1983-04,5599.135761675888,5535.26271131716
1983-05,5641.659789023419,5575.7835167846
1983-06,5728.904449300693,5665.05377189824
1983-07,5860.869742507713,5803.073476658085
1983-08,5949.758758928685,5896.123295354482
1983-09,5995.571498563605,5944.203227987435
1983-10,5998.307961412479,5947.313274556941
1983-11,6043.136106065339,5988.855830281612
1983-12,6130.055932522182,6068.830895161447
1984-01,6259.067440783013,6187.238469196449
1984-02,6361.29473726096,6287.411510807862
1984-03,6436.737821956025,6369.350019995687
1984-04,6485.396694868204,6433.053996759923
1984-05,6569.063891945098,6515.389493381039
1984-06,6687.739413186702,6616.356509859033
1984-07,6841.423258593022,6735.955046193908
1984-08,6936.051775999833,6810.713395632195
1984-09,6971.624965407139,6840.6315581738945
1984-10,6948.142826814932,6825.709533819009
1984-11,6943.015172055681,6824.696877366031
1984-12,6956.242001129387,6837.593588814959
1985-01,6987.823314036049,6864.3996681657945
1985-02,7048.451156735677,6916.376436879156
1985-03,7138.125529228271,6993.523894955046
1985-04,7256.846431513832,7095.842042393462
1985-05,7379.991833449848,7206.21504745797
1985-06,7507.561735036323,7324.642910148567
1985-07,7639.55613627326,7451.125630465261
1985-08,7739.037634377549,7554.177087695489
1985-09,7806.006229349188,7633.797281839248
1985-10,7840.461921188183,7689.986212896542
1985-11,7912.129403256793,7762.64378598846
1985-12,8021.008675555021,7851.770001115
1986-01,8167.099738082866,7957.3648582761625
1986-02,8283.797700152678,8053.214928859332
1986-03,8371.102561764457,8139.320212864508
1986-04,8429.014322918203,8215.680710291694
1986-05,8536.931521017988,8338.485301929722
1986-06,8694.854156063808,8507.733987778587
1986-07,8902.782228055668,8723.4267678383
1986-08,9070.277575011882,8898.204886974501
1986-09,9197.340196932448,9032.068345187197
1986-10,9283.970093817366,9125.017142476383
1986-11,9365.49999767557,9220.816484941392
1986-12,9441.929908507062,9319.466372582227
1987-01,9513.25982631184,9420.966805398883
1987-02,9642.247436029156,9557.966809553884
1987-03,9828.892737659004,9730.466385047228
1987-04,10073.195731201395,9938.465531878912
1987-05,10264.12468118595,10117.941169677648
1987-06,10401.67958761266,10268.89329844344
1987-07,10485.860450481541,10391.321918176283
1987-08,10606.110328337607,10521.13763447728
1987-09,10762.429221180857,10658.340447346434
1987-10,10954.817129011299,10802.930356783734
1987-11,11199.376259210436,11023.98006655526
1987-12,11496.106611778268,11321.489576661006
1988-01,11845.008186714798,11695.458887100982
1988-02,12048.80244041283,11921.23204938524
1988-03,12107.489372872367,11998.80906351378
1988-04,12021.068984093403,11928.189929486607
1988-05,12043.78714882861,11959.717698864859
1988-06,12175.643867077984,12093.392371648535
1988-07,12416.63913884153,12329.213947837638
1988-08,12668.48360265127,12580.033881006682
1988-09,12931.177258507201,12845.852171155671
1988-10,13204.72010640933,13126.668818284606
1988-11,13380.140738577864,13306.296366353385
1988-12,13457.43915501281,13384.734815362006
1989-01,13436.615355714162,13361.98416531048
1989-02,13466.422889103878,13395.43337881474
1989-03,13546.861755181963,13485.082455874788
1989-04,13677.931953948411,13630.931396490636
1989-05,13805.425538178719,13765.87008427662
1989-06,13929.342507872878,13889.898519232738
1989-07,14049.682863030901,14003.01670135899
1989-08,14267.055804547228,14221.808720871311
1989-09,14581.461332421866,14546.274577769696
1989-10,14992.899446654808,14976.414272054151
1989-11,15338.009390221945,15331.738491584654
1989-12,15616.791163123258,15612.247236361201
1990-01,15829.244765358782,15817.940506383813
1990-02,16039.149591898575,16023.308444101604
1990-03,16246.505642742643,16228.351049514575
1990-04,16451.312917890977,16433.06832262273
1990-05,16730.75504825983,16709.27139893272
1990-06,17084.832033849198,17056.960278444545
1990-07,17513.54387465909,17476.134961158194
1990-08,17821.338928867248,17785.12741096796
1990-09,18008.217196473663,17983.937627873845
1990-10,18074.178677478347,18072.56561187585
1990-11,18281.98503962076,18289.698398969464
1990-12,18631.636282900894,18635.33598915469
1991-01,19123.13240731876,19109.478382431542
1991-02,19525.857132934158,19504.030193927098
1991-03,19839.81045974708,19818.991423641364
1991-04,20064.992387757527,20054.362071574342
1991-05,20315.568578942,20311.333179876827
1991-06,20591.53903330048,20589.90474854883
1991-07,20892.903750832993,20890.076777590344
1991-08,21225.867117091377,21215.43720165797
1991-09,21590.429132075635,21565.986020751687
1991-10,21986.589795785778,21941.72323487152
1991-11,22294.412614873974,22244.065112247838
1991-12,22513.89758934024,22473.011652880643
1992-01,22645.044719184567,22628.562856769942
1992-02,22852.472962257227,22845.253515164808
1992-03,23136.182318558207,23123.08362806524
1992-04,23496.172788087533,23462.053195471242
1992-05,23757.565814404217,23710.13069071931
1992-06,23920.361397508255,23867.316113809444
1992-07,23984.559537399648,23933.609464741647
1992-08,24103.789419322762,24058.100703918455
1992-09,24278.051043277588,24240.789831339887
1992-10,24507.344409264148,24481.67684700593
1992-11,24749.984443812675,24730.74096566799
1992-12,25005.971146923166,24987.982187326077
1993-01,25275.304518595625,25253.400511980177
1993-02,25605.759472567024,25579.879709158566
1993-03,25997.336008837352,25967.419778861247
1993-04,26450.034127406638,26416.020721088225
1993-05,26829.458061493977,26793.2304158288
1993-06,27135.60781109938,27099.04886308297
1993-07,27368.48337622284,27333.47606285074
1993-08,27600.489735336574,27567.475815654623
1993-09,27831.62688844058,27801.048121494634
1993-10,28061.894835534862,28034.19298037076
1993-11,28461.465695657276,28420.834459811726
1993-12,29030.33946880785,28960.972559817525
1994-01,29768.51615498655,29654.607280388165
1994-02,30347.59821029132,30222.860500239694
1994-03,30767.585634722138,30665.732219372127
1994-04,31028.478428279024,30983.22243778544
1994-05,31338.917805458972,31316.653164049694
1994-06,31698.903766262,31666.02439816487
1994-07,32108.436310688096,32031.336140131003
1994-08,32562.31721377855,32463.11197052429
1994-09,33060.54647553336,32961.35188934471
1994-10,33603.124095952546,33526.0558965923
1994-11,34115.25042909294,34045.96497595998
1994-12,34596.92547495452,34521.079127447745
1995-01,35048.149233537326,34951.39835105561
1995-02,35536.69324803003,35422.17939366587
1995-03,36062.557518432644,35933.42225527851
1995-04,36625.742044745166,36485.12693589352
1995-05,37213.18164276444,37065.05790412712
1995-06,37824.87631249042,37673.21515997933
1995-07,38460.82605392317,38309.598703450116
1995-08,38855.34394883898,38708.195561730216
1995-09,39008.429997237836,38869.00573481966
1995-10,38920.08419911976,38792.029222718396
1995-11,39095.75960025042,38970.263177654284
1995-12,39535.45620062984,39403.70759962732
1996-01,40239.174000258,40092.36248863752
1996-02,40785.19794997153,40629.32934441193
1996-03,41173.52804977043,41014.60816695056
1996-04,41404.164299654694,41248.19895625343
1996-05,41705.47513738473,41564.04743638907
1996-06,42077.460562960565,41962.15360735748
1996-07,42520.12057638218,42442.51746915866
1996-08,42935.07014745095,42862.39533273996
1996-09,43322.309276166874,43221.78719810138
1996-10,43681.83796252995,43520.693065242944
1996-11,43911.79166222325,43707.24973309613
1996-12,44012.17037524678,43781.45720166093
1997-01,43982.97410160054,43743.315470937385
1997-02,44224.44445698856,43988.168435053456
1997-03,44736.581441410875,44516.01609400917
1997-04,45519.385054867445,45326.8584478045
1997-05,46133.822167081,45949.300200399965
1997-06,46579.89277805155,46383.341351795534
1997-07,46857.59688777911,46628.98190199125
1997-08,47339.62524937667,47090.33061304674
1997-09,48025.97786284424,47767.38748496202
1997-10,48916.654728181835,48660.152517737086
1997-11,49227.25789837987,48937.55438762804
1997-12,48957.78737343832,48599.593094634874
1998-01,48108.24315335723,47646.26863875762
1998-02,47299.874733319026,46799.68604572008
1998-03,46532.68211332372,46059.845315522274
1998-04,45806.66529337128,45426.74644816419
1998-05,45439.76211835472,45082.13689520152
1998-06,45431.97258827401,45026.01665663428
1998-07,45783.29670312919,45258.38573246248
1998-08,46046.65520449609,45410.58870207267
1998-09,46222.048092374716,45482.62556546485
1998-10,46309.47536676508,45474.496322639
1998-11,46628.17566028885,45776.96676995329
1998-12,47178.14897294603,46390.036907407695
1999-01,47959.3953047366,47313.70673500223
1999-02,48524.185409131795,47970.9941406492
1999-03,48872.519286131595,48361.89912434858
1999-04,49004.39693573602,48486.42168610041
1999-05,49485.0686463351,48962.36106196307
1999-06,50314.53441792885,49789.71725193652
1999-07,51492.79425051724,50968.49025602083
1999-08,52424.08852077641,51891.61581502627
1999-09,53108.417228706334,52559.09392895287
1999-10,53545.780374307054,52970.92459780058
1999-11,53966.76087997692,53406.06381666207
1999-12,54371.35874571598,53864.51158553735
2000-01,54759.57397152418,54346.26790442642
2000-02,54998.14729933309,54649.306055828885
2000-03,55087.078729142704,54773.626039744726
2000-04,55026.36826095299,54719.22785617396
2000-05,55277.58944819082,54943.6074181508
2000-06,55840.742290856164,55446.76472567524
2000-07,56715.826788949016,56228.699778747294
2000-08,57275.62782176046,56773.58370795482
2000-09,57520.14538929053,57081.41651329786
2000-10,57449.379491539206,57152.19819477634
2000-11,57652.503398446985,57408.21996906371
2000-12,58129.51711001384,57849.48183615993
2001-01,58880.420626239815,58475.98379606504
2001-02,59517.13103561646,59052.62143899252
2001-03,60039.64833814375,59579.39476494244
2001-04,60447.97253382175,60056.30377391476
2001-05,60890.47418237494,60532.42819572176
2001-06,61367.153283803345,61007.76803036347
2001-07,61878.009838106955,61482.32327783985
2001-08,62054.51659810264,61638.81963132906
2001-09,61896.673563790384,61477.25709083107
2001-10,61404.480735170175,60997.63565634592
2001-11,61665.8469766375,61288.32855546519
2001-12,62680.77228819236,62349.33578818885
2002-01,64449.25666983479,64180.65735451694
2002-02,65781.91026286929,65503.76973021125
2002-03,66678.73306729589,66318.6729152718
2002-04,67139.7250831146,66625.36690969857
2002-05,67466.60427473333,66936.54022603134
2002-06,67659.37064215206,67252.1928642701
2002-07,67718.02418537084,67572.32482441484
2002-08,68027.0194321474,68022.4891961399
2002-09,68586.35638248175,68602.68597944528
2002-10,69396.0350363739,69312.91517433096
2002-11,69981.02842256651,69830.33609230418
2002-12,70341.3365410596,70154.94873336489
2003-01,70476.95939185319,70286.75309751311
2003-02,70651.7205606617,70406.13936541534
2003-03,70865.6200474851,70513.10753707156
2003-04,71118.65785232346,70607.65761248181
2003-05,71332.42391429046,70780.32692197303
2003-06,71506.91823338607,71031.11546554515
2003-07,71642.14080961033,71360.02324319827
2003-08,72142.74084645862,71998.88275521284
2003-09,73008.718343931,72947.69400158885
2003-10,74240.07330202738,74206.45698232629
2003-11,75209.03206503093,75180.55499076594
2003-12,75915.59463294169,75869.98802690777
2004-01,76359.76100575962,76274.75609075183
2004-02,76824.0318446444,76671.93103864895
2004-03,77308.40714959602,77061.51287059918
2004-04,77812.88692061453,77443.50158660243
2004-05,78231.54167290825,77808.77257565144
2004-06,78564.37140647719,78157.32583774613
2004-07,78811.37612132134,78489.1613728866
2004-08,79108.14520904138,78915.89922700677
2004-09,79454.67866963727,79437.53940010662
2004-10,79850.97650310905,80054.08189218614
2004-11,80164.3435841452,80430.25609606641
2004-12,80394.77991274573,80566.06201174745
2005-01,80542.28548891058,80461.49963922922
2005-02,80783.42276626886,80517.63431667777
2005-03,81118.19174482055,80734.46604409303
2005-04,81546.59242456571,81111.99482147509
2005-05,82030.44827607772,81488.70589971429
2005-06,82569.75929935656,81864.59927881062
2005-07,83164.52549440227,82239.6749587641
2005-08,83739.472922362,82756.63765967939
2005-09,84294.60158323574,83415.48738155646
2005-10,84829.91147702347,84216.22412439535
2005-11,85187.85534270284,84709.86521680855
2005-12,85368.43318027373,84896.41065879606
2006-01,85371.64498973633,84775.86045035787
2006-02,85395.93919979972,84772.65256047991
2006-03,85441.31581046392,84886.78698916221
2006-04,85507.7748217289,85118.26373640473
2006-05,85860.5084582485,85589.41012091181
2006-06,86499.51672002264,86300.22614268344
2006-07,87424.79960705145,87250.71180171962
2006-08,88101.69562352006,87986.59936518894
2006-09,88530.20476942854,88507.8888330914
2006-10,88710.32704477683,88814.58020542697
2006-11,89105.06233003127,89164.81789444062
2006-12,89714.41062519187,89558.60190013236
2007-01,90538.3719302586,89995.93222250216
2007-02,91356.00830883134,90631.915636218
2007-03,92167.31976091008,91466.55214127983
2007-04,92972.30628649489,92499.84173768772
2007-05,93610.82320301993,93365.60783352389
2007-06,94082.8705104852,94063.85042878834
2007-07,94388.44820889075,94594.56952348107
2007-08,95060.68147682407,95318.89715454345
2007-09,96099.57031428514,96236.83332197549
2007-10,97505.1147212739,97348.37802577722
2007-11,98293.88978206566,98016.10568239474
2007-12,98465.89549666044,98240.01629182807
2008-01,98021.13186505817,98020.10985407722
2008-02,98105.39205836398,98227.95085408159
2008-03,98718.67607657786,98863.53929184118
2008-04,99860.98391969985,99926.87516735602
2008-05,100819.77294070546,100745.45276071766
2008-06,101595.04313959468,101319.27207192621
2008-07,102186.79451636759,101648.3331009815
2008-08,102192.51147328512,101688.6235325092
2008-09,101612.19401034729,101440.14336650928
2008-10,100445.8421275541,100902.89260298175
2008-11,99784.99756119023,100437.86045986354
2008-12,99629.66031125563,100045.04693715465
2009-01,99979.83037775035,99724.45203485498
2009-02,100558.60011106127,99994.06428313881
2009-03,101365.96951118842,100853.88368200614
2009-04,102401.93857813181,102303.91023145689
2009-05,103537.6269112688,103684.43419522695
2009-06,104773.03451059939,104995.45557331621
2009-07,106108.16137612358,106236.97436572482
2009-08,106905.94706041193,106912.94828953332
2009-09,107166.39156346447,107023.37734474176
2009-10,106889.49488528116,106568.26153135007
2009-11,107280.14955177446,106955.3114294896
2009-12,108338.35556294439,108184.52703916031
2010-01,110064.11291879092,110255.90836036227
2010-02,111566.79256865937,111978.17242039103
2010-03,112846.3945125497,113351.31921924665
2010-04,113902.91875046195,114375.34875692903
2010-05,114661.23574709358,115176.89457365285
2010-06,115121.34550244448,115755.9566694181
2010-07,115283.2480165148,116112.53504422479
2010-08,115717.13763264629,116403.55335475787
2010-09,116423.01435083893,116629.01160101734
2010-10,117400.87817109277,116788.90978300323
2010-11,118063.18549783666,117086.47699124727
2010-12,118409.9363310706,117521.71322574948
2011-01,118441.13067079456,118094.61848650986
2011-02,118566.83125262964,118646.18093681756
2011-03,118787.0380765758,119176.40057667257
2011-04,119101.75114263309,119685.27740607492
2011-05,119468.0410521726,120238.01355886932
2011-06,119885.90780519428,120834.6090350558
2011-07,120355.35140169822,121475.06383463436
2011-08,121028.89874955054,122215.52965855323
2011-09,121906.5498487513,123056.00650681245
2011-10,122988.30469930045,123996.49437941202
2011-11,123776.03988746242,124672.12056300291
2011-12,124269.75541323712,125082.88505758508
2012-01,124469.45127662468,125228.78786315862
2012-02,124607.08678500303,125508.59766718303
2012-03,124682.66193837223,125922.3144696583
2012-04,124696.1767367322,126469.93827058448
2012-05,124763.84788377308,126727.09051787762
2012-06,124885.67537949477,126693.77121153781
2012-07,125061.65922389746,126369.98035156495
2012-08,125351.11076707498,126382.09737289802
2012-09,125754.03000902744,126730.12227553701
2012-10,126270.41694975467,127414.0550594819
2012-11,126797.30097262048,127954.27196085668
2012-12,127334.68207762485,128350.77297966134
2013-01,127882.56026476782,128603.55811589594
2013-02,128440.33461297768,129083.01081303261
2013-03,129008.00512225452,129789.13107107137
2013-04,129585.57179259826,130721.91889001215
2013-05,130178.60961573549,131395.2766772382
2013-06,130787.11859166624,131809.2044327496
2013-07,131411.09872039052,131963.70215654618
2013-08,131921.3947122787,132304.22497008566
2013-09,132318.0065673308,132830.77287336809
2013-10,132600.93428554683,133543.3458663934
2013-11,133072.3405009407,134064.7547148547
2013-12,133732.22521351243,134394.99941875186
2014-01,134580.58842326197,134534.079978085
2014-02,135205.1379082529,134949.26513435453
2014-03,135605.87366848518,135640.55488756046
2014-04,135782.79570395895,136607.9492377028
2014-05,135965.37943485816,137148.5358969613
2014-06,136153.62486118285,137262.31486533597
2014-07,136347.53198293294,136949.28614282684
2014-08,136604.85977617078,136982.36435507942
2014-09,136925.60824089628,137361.5495020937
2014-10,137309.77737710957,138086.84158386968
2014-11,138251.8116283307,139356.33341641142
2014-12,139751.71099455972,141170.02499971888
2015-01,141809.47547579661,143527.91633379206
2015-02,143167.18498925833,144792.35191696632
2015-03,143824.83953494497,144963.33174924157
2015-04,143782.43911285643,144040.85583061792
2015-05,144054.68467269198,143868.44497799856
2015-06,144641.5762144516,144446.0991913835
2015-07,145543.11373813538,145773.81847077268
2015-08,146150.01281545477,146556.23443754046
2015-09,146462.27344640982,146793.3470916869
2015-10,146479.89563100057,146485.15643321196
2015-11,146959.45445389787,146844.16644368425
2015-12,147900.94991510158,147870.37712310377
2016-01,149304.38201461182,149563.78847147062
2016-02,150534.32852853052,151036.44995495933
2016-03,151590.78945685763,152288.36157357003
2016-04,152473.76479959313,153319.52332730262
2016-05,152933.1850355822,153829.44627025884
2016-06,152969.05016482476,153818.13040243858
2016-07,152581.3601873209,153285.57572384202
2016-08,152607.06755245427,153156.33026131135
2016-09,153046.17226022485,153430.39401484662
2016-10,153898.67431063266,154107.76698444792
2016-11,154934.41909026014,155111.9099885123
2016-12,156153.40659910723,156442.82302703973
2017-01,157555.63683717407,158100.50610003027
2017-02,158409.54176881022,158989.47229325518
2017-03,158715.12139401573,159109.7216067145
2017-04,158472.37571279064,158461.25404040818
2017-05,159190.35750789137,159117.02161852547
2017-06,160869.06677931795,161077.02434106637
2017-07,163508.50352707037,164341.26220803088
2017-08,164739.16006870574,165912.65001874886
2017-09,164561.03640422394,165791.18777322024
2017-10,162974.13253362518,163976.87547144515
2017-11,162400.10716575658,163244.7407924175
2017-12,162838.96030061817,163594.7837361373
2018-01,164290.69193820996,165027.00430260456
2018-02,165315.95589395042,165985.73121726792
2018-03,165914.7521678396,166470.96448012747
2018-04,166087.08075987734,166482.70409118308
2018-05,166524.8523379788,166877.4609255597
2018-06,167228.06690214388,167655.2349832573
2018-07,168196.72445237264,168816.02626427592
2018-08,168793.89550065034,169552.3293863236
2018-09,169019.58004697697,169864.1443494004
2018-10,168873.7780913524,169751.47115350625
2018-11,168582.71903393193,169373.92448940306
2018-12,168146.40287471563,168731.50435709071
2019-01,167564.8296137033,167824.21075656937
2019-02,167589.41408817272,167761.67928901195
2019-03,168220.15629812394,168543.90995441852
2019-04,169457.05624355687,170170.90275278894
2019-05,170179.71404724746,171358.6988877899
2019-06,170388.12970919572,172107.2983594213
2019-07,170082.30322940162,172416.7011676833
2019-08,170226.76918740186,172795.95099398636
2019-09,170821.52758319653,173245.0478383304
2019-10,171866.57841678557,173763.99170071562
2019-11,172244.0073125937,173815.65889077526
2019-12,171953.8142706208,173400.0494085092
2020-01,170995.99929086704,172517.16325391768
2020-02,169942.4960777783,171476.94427483153
2020-03,168793.30463135464,170279.3924712508
2020-04,167548.42495159595,168924.50784317544
2020-05,167570.01131795932,168799.380803775
2020-06,168858.0637304448,169904.01135304957
2020-07,171412.58218905237,172238.39949099917
2020-08,173202.95016191498,174097.6219072372
2020-09,174229.1676490327,175481.67860176368
2020-10,174491.23465040541,176390.56957457867
2020-11,175166.72541294456,177247.66513684843
2020-12,176255.63993665,178052.96528857292
2021-01,177757.97822152177,178806.47002975226
2021-02,179258.77912659838,180406.14369273288
2021-03,180758.04265187983,182851.98627751484
2021-04,182255.76879736615,186143.99778409814
2021-05,183659.92373571306,188053.87732267036
2021-06,184970.5074669207,188581.6248932315
2021-07,186187.51999098904,187727.2404957816
2021-08,187363.83312876435,187820.96402458288
2021-09,188499.44688024666,188862.79547963542
2021-10,189594.36124543595,190852.734860939
2021-11,190472.6189026563,192228.4935605607
2021-12,191134.21985190766,192990.07157850036
2022-01,191579.16409318996,193137.4689147581
2022-02,192180.85208361808,193773.441562754
2022-03,192939.28382319194,194897.98952248791
2022-04,193854.45931191157,196511.1127939601
2022-05,194360.48370015778,197343.33401635807
2022-06,194457.35698793057,197394.65318968182
2022-07,194145.0791752298,196665.07031393144
2022-08,193929.30034063227,196207.27185954526
2022-09,193810.0204841379,196021.25782652333
2022-10,193787.23960574676,196107.02821486563
2022-11,194072.48968183887,196519.549650802
2022-12,194665.77071241435,197258.82213433235
2023-01,195567.08269747297,198324.84566545679
2023-02,196439.19867063293,199364.2422991453
2023-03,197282.11863189415,200377.0120353979
2023-04,198095.84258125667,201363.15487421467
2023-05,198948.1916326548,202133.3744282578
2023-06,199839.16578608844,202687.6706975274
2023-07,200768.76504155766,203026.0436820234
2023-08,201780.16607425673,203887.42916662985
2023-09,202873.3688841856,205271.82715134675
2023-10,204048.37347134433,207179.23763617425
2023-11,205579.21951462582,209003.2370302504
2023-12,207465.90701402997,210743.82533357528
2024-01,209708.4359695571,212401.00254614872
2024-02,211374.916231271,213915.66993968052
2024-03,212465.34779917178,215287.82751417067
2024-04,212979.73067325942,216517.47526961906
2024-05,212917.37838683682,216681.68075626684
2024-06,212278.29093990382,215780.443974114
2024-07,211062.4683324607,213813.76492316046
2024-08,211233.36143125437,213649.7714680517
2024-09,212790.9702362849,215288.4636087878
2024-10,215735.29474755222,218729.84134536856
2024-11,217181.529814705,220649.2797704873
2024-12,217129.67543774296,221046.77888414403
2025-01,215579.7316166665,219922.33868633865
2025-02,215314.12194889746,219991.74962213333
2025-03,216332.84643443592,221255.011691528
2025-04,218635.90507328173,223712.12489452286
2025-05,220241.19092803187,225084.63452437945
2025-06,221148.70399868637,225372.54058109777
2025-07,221358.44428524515,224575.84306467779
2025-08,221498.27114295095,224044.71138706445
2025-09,221568.18457180393,223779.14554825771
